date,open,High,low,close,volume
2018-01-02,14.854999542236328,15.039999961853027,14.774999618530273,14.989999771118164,6051569
2018-01-03,15.050000190734863,15.380000114440918,15.024999618530273,15.324999809265137,6027549
2018-01-04,15.470000267028809,15.795000076293945,15.390000343322754,15.729999542236328,8434475
2018-01-05,15.694999694824219,15.859999656677246,15.680000305175781,15.765000343322754,5123643
2018-01-08,15.8149995803833,15.880000114440918,15.704999923706055,15.774999618530273,4245786
2018-01-09,15.8100004196167,15.9399995803833,15.744999885559082,15.795000076293945,5720973
2018-01-10,15.845000267028809,15.984999656677246,15.6850004196167,15.729999542236328,6732709
2018-01-11,15.729999542236328,15.885000228881836,15.699999809265137,15.859999656677246,7190835
2018-01-12,15.84000015258789,16.014999389648438,15.75,15.920000076293945,5127286
2018-01-15,15.930000305175781,15.949999809265137,15.859999656677246,15.9399995803833,4911752
2018-01-16,15.9399995803833,15.954999923706055,15.770000457763672,15.789999961853027,5595659
2018-01-17,15.71500015258789,15.75,15.569999694824219,15.664999961853027,11335859
2018-01-18,15.739999771118164,15.864999771118164,15.649999618530273,15.75,6754185
2018-01-19,15.675000190734863,15.75,15.550000190734863,15.579999923706055,6973833
2018-01-22,15.609999656677246,15.869999885559082,15.595000267028809,15.869999885559082,5960093
2018-01-23,15.930000305175781,16.020000457763672,15.755000114440918,15.819999694824219,6304934
2018-01-24,15.795000076293945,15.885000228881836,15.725000381469727,15.819999694824219,4688429
2018-01-25,15.739999771118164,15.875,15.720000267028809,15.720000267028809,5485150
2018-01-26,15.664999961853027,15.670000076293945,15.40999984741211,15.515000343322754,12856681
2018-01-29,15.520000457763672,15.579999923706055,15.449999809265137,15.449999809265137,4183238
2018-01-30,15.319999694824219,15.390000343322754,15.125,15.130000114440918,5920055
2018-01-31,15.100000381469727,15.305000305175781,15.029999732971191,15.154999732971191,8067891
2018-02-01,15.279999732971191,15.454999923706055,15.164999961853027,15.300000190734863,8194749
2018-02-02,15.369999885559082,15.484999656677246,15.010000228881836,15.039999961853027,6471246
2018-02-05,15.0,15.020000457763672,14.770000457763672,14.819999694824219,7501688
2018-02-06,14.354999542236328,14.630000114440918,14.114999771118164,14.380000114440918,8365954
2018-02-07,14.619999885559082,14.789999961853027,14.460000038146973,14.670000076293945,7705305
2018-02-08,14.579999923706055,14.59000015258789,14.180000305175781,14.180000305175781,11122608
2018-02-09,14.180000305175781,14.359999656677246,13.880000114440918,13.96500015258789,10165380
2018-02-12,14.119999885559082,14.234999656677246,14.015000343322754,14.0649995803833,4720404
2018-02-13,14.100000381469727,14.119999885559082,13.880000114440918,13.970000267028809,6638249
2018-02-14,13.994999885559082,14.0600004196167,13.670000076293945,13.824999809265137,6666646
2018-02-15,13.949999809265137,14.039999961853027,13.670000076293945,13.75,4724691
2018-02-16,13.904999732971191,13.9399995803833,13.725000381469727,13.890000343322754,6345805
2018-02-19,13.9399995803833,14.03499984741211,13.899999618530273,13.954999923706055,4594709
2018-02-20,14.015000343322754,14.229999542236328,14.0,14.119999885559082,4730387
2018-02-21,14.0600004196167,14.095000267028809,13.944999694824219,14.015000343322754,3072558
2018-02-22,13.880000114440918,14.140000343322754,13.770000457763672,14.119999885559082,4007805
2018-02-23,14.1850004196167,14.220000267028809,14.045000076293945,14.154999732971191,2807820
2018-02-26,14.274999618530273,14.274999618530273,14.085000038146973,14.270000457763672,5647233
2018-02-27,14.300000190734863,14.300000190734863,14.170000076293945,14.210000038146973,2590418
2018-02-28,14.300000190734863,14.829999923706055,14.0600004196167,14.704999923706055,11655430
2018-03-01,14.649999618530273,14.824999809265137,14.420000076293945,14.5,7082329
2018-03-02,14.4350004196167,14.46500015258789,13.975000381469727,14.0,6131935
2018-03-05,13.989999771118164,14.1899995803833,13.9399995803833,14.114999771118164,4244996
2018-03-06,14.239999771118164,14.3149995803833,14.100000381469727,14.239999771118164,5450893
2018-03-07,14.15999984741211,14.175000190734863,13.954999923706055,13.979999542236328,6258370
2018-03-08,13.975000381469727,14.005000114440918,13.819999694824219,13.960000038146973,4582923
2018-03-09,13.9399995803833,14.109999656677246,13.9350004196167,14.104999542236328,4528019
2018-03-12,14.164999961853027,14.234999656677246,14.074999809265137,14.119999885559082,5130463
2018-03-13,14.154999732971191,14.34000015258789,14.104999542236328,14.125,5162351
2018-03-14,14.100000381469727,14.194999694824219,13.989999771118164,14.0,10145865
2018-03-15,14.029999732971191,14.079999923706055,13.925000190734863,13.960000038146973,4174958
2018-03-16,13.899999618530273,14.274999618530273,13.800000190734863,14.220000267028809,12747871
2018-03-19,14.149999618530273,14.1899995803833,13.779999732971191,13.789999961853027,24748633
2018-03-20,13.850000381469727,14.114999771118164,13.845000267028809,14.050000190734863,23715456
2018-03-21,14.104999542236328,14.255000114440918,14.03499984741211,14.255000114440918,11712856
2018-03-22,14.1899995803833,14.3149995803833,14.005000114440918,14.074999809265137,5767293
2018-03-23,13.9399995803833,14.0600004196167,13.734999656677246,14.029999732971191,6282945
2018-03-26,14.029999732971191,14.354999542236328,14.0,14.21500015258789,6800777
2018-03-27,14.4399995803833,14.604999542236328,14.3100004196167,14.380000114440918,11744650
2018-03-28,14.244999885559082,14.34000015258789,14.104999542236328,14.305000305175781,5645636
2018-03-29,14.289999961853027,14.5600004196167,14.279999732971191,14.414999961853027,4620839
2018-04-03,14.279999732971191,14.529999732971191,14.234999656677246,14.5,4812533
2018-04-04,14.539999961853027,14.680000305175781,14.3100004196167,14.645000457763672,6763468
2018-04-05,14.819999694824219,15.0649995803833,14.710000038146973,14.979999542236328,13528723
2018-04-06,14.96500015258789,15.135000228881836,14.899999618530273,15.005000114440918,5322142
2018-04-09,15.050000190734863,15.164999961853027,14.925000190734863,14.975000381469727,4558526
2018-04-10,15.100000381469727,15.295000076293945,15.100000381469727,15.295000076293945,7690982
2018-04-11,15.210000038146973,15.449999809265137,15.194999694824219,15.399999618530273,6490892
2018-04-12,15.430000305175781,15.569999694824219,15.359999656677246,15.524999618530273,6453857
2018-04-13,15.524999618530273,15.600000381469727,15.335000038146973,15.53499984741211,4590736
2018-04-16,15.520000457763672,15.53499984741211,15.354999542236328,15.414999961853027,8205986
2018-04-17,15.484999656677246,15.520000457763672,15.40999984741211,15.454999923706055,9635740
2018-04-18,15.510000228881836,15.800000190734863,15.484999656677246,15.744999885559082,9848119
2018-04-19,15.779999732971191,15.850000381469727,15.550000190734863,15.734999656677246,11612033
2018-04-20,15.645000457763672,15.875,15.574999809265137,15.725000381469727,4716979
2018-04-23,15.770000457763672,15.824999809265137,15.694999694824219,15.774999618530273,9246800
2018-04-24,15.869999885559082,16.09000015258789,15.850000381469727,15.975000381469727,8045225
2018-04-25,15.770000457763672,15.800000190734863,15.614999771118164,15.699999809265137,6147246
2018-04-26,15.6850004196167,15.829999923706055,15.614999771118164,15.805000305175781,4583966
2018-04-27,15.789999961853027,15.914999961853027,15.640000343322754,15.805000305175781,3851313
2018-04-30,15.75,15.875,15.75,15.850000381469727,3428391
2018-05-02,15.819999694824219,16.014999389648438,15.800000190734863,15.869999885559082,4110311
2018-05-03,15.859999656677246,15.970000267028809,15.8149995803833,15.899999618530273,3725731
2018-05-04,15.800000190734863,16.049999237060547,15.78499984741211,16.014999389648438,4487604
2018-05-07,16.0,16.25,16.0,16.2450008392334,6153807
2018-05-08,16.190000534057617,16.274999618530273,16.065000534057617,16.1299991607666,6111831
2018-05-09,16.229999542236328,16.549999237060547,16.19499969482422,16.540000915527344,9267820
2018-05-10,16.559999465942383,16.594999313354492,16.364999771118164,16.469999313354492,8342518
2018-05-11,16.5,16.639999389648438,16.270000457763672,16.639999389648438,5433550
2018-05-14,16.639999389648438,16.700000762939453,16.510000228881836,16.670000076293945,3421145
2018-05-15,16.670000076293945,16.834999084472656,16.59000015258789,16.739999771118164,4151015
2018-05-16,16.735000610351562,16.850000381469727,16.65999984741211,16.75,9531988
2018-05-17,16.790000915527344,17.139999389648438,16.725000381469727,17.09000015258789,6952762
2018-05-18,17.110000610351562,17.184999465942383,16.93000030517578,17.065000534057617,5895412
2018-05-21,17.145000457763672,17.15999984741211,17.05500030517578,17.139999389648438,7266086
2018-05-22,17.155000686645508,17.25,17.03499984741211,17.15999984741211,6960021
2018-05-23,17.010000228881836,17.049999237060547,15.994999885559082,16.40999984741211,12682832
2018-05-24,16.479999542236328,16.649999618530273,16.219999313354492,16.25,6939796
2018-05-25,16.299999237060547,16.360000610351562,15.704999923706055,15.760000228881836,13326674
2018-05-28,15.65999984741211,15.864999771118164,15.5600004196167,15.670000076293945,4664306
2018-05-29,15.489999771118164,15.71500015258789,15.210000038146973,15.649999618530273,8043236
2018-05-30,15.654999732971191,16.30500030517578,15.654999732971191,16.30500030517578,7708143
2018-05-31,16.364999771118164,16.440000534057617,16.139999389648438,16.30500030517578,15839785
2018-06-01,16.28499984741211,16.790000915527344,16.28499984741211,16.5049991607666,8904400
2018-06-04,16.545000076293945,16.770000457763672,16.424999237060547,16.454999923706055,4416657
2018-06-05,16.475000381469727,16.739999771118164,16.395000457763672,16.415000915527344,5359782
2018-06-06,16.59000015258789,17.059999465942383,16.5,16.905000686645508,8120881
2018-06-07,17.0,17.2450008392334,17.0,17.209999084472656,15170753
2018-06-08,17.114999771118164,17.225000381469727,16.975000381469727,17.03499984741211,5750939
2018-06-11,17.165000915527344,17.325000762939453,17.024999618530273,17.280000686645508,7232853
2018-06-12,17.350000381469727,17.479999542236328,17.040000915527344,17.110000610351562,9111634
2018-06-13,17.03499984741211,17.18000030517578,16.934999465942383,17.049999237060547,13148762
2018-06-14,16.94499969482422,17.219999313354492,16.905000686645508,17.219999313354492,10136597
2018-06-15,17.299999237060547,17.3700008392334,17.0,17.1200008392334,10412597
2018-06-18,16.655000686645508,16.71500015258789,16.454999923706055,16.68000030517578,16247323
2018-06-19,16.584999084472656,16.655000686645508,16.44499969482422,16.625,8664313
2018-06-20,16.68000030517578,16.75,16.325000762939453,16.354999542236328,8982409
2018-06-21,16.40999984741211,16.440000534057617,16.184999465942383,16.25,9982388
2018-06-22,16.260000228881836,16.795000076293945,16.204999923706055,16.700000762939453,12548245
2018-06-25,16.584999084472656,16.65999984741211,16.360000610351562,16.420000076293945,9157991
2018-06-26,16.475000381469727,16.604999542236328,16.399999618530273,16.514999389648438,8283905
2018-06-27,16.600000381469727,16.90999984741211,16.5,16.80500030517578,13003195
2018-06-28,16.93000030517578,17.079999923706055,16.78499984741211,16.875,5798872
2018-06-29,16.93000030517578,17.010000228881836,16.764999389648438,16.764999389648438,7640768
2018-07-02,16.635000228881836,16.78499984741211,16.475000381469727,16.68000030517578,4308100
2018-07-03,16.799999237060547,17.0049991607666,16.729999542236328,16.860000610351562,7894152
2018-07-04,16.875,17.010000228881836,16.850000381469727,16.924999237060547,6835069
2018-07-05,16.895000457763672,17.350000381469727,16.875,17.2549991607666,8657437
2018-07-06,17.2450008392334,17.260000228881836,16.959999084472656,17.15999984741211,5828199
2018-07-09,17.2549991607666,17.40999984741211,17.219999313354492,17.270000457763672,3669847
2018-07-10,17.43000030517578,17.510000228881836,17.235000610351562,17.28499984741211,5947571
2018-07-11,17.165000915527344,17.204999923706055,16.950000762939453,17.010000228881836,8805914
2018-07-12,16.940000534057617,17.0049991607666,16.674999237060547,16.959999084472656,5638077
2018-07-13,17.045000076293945,17.049999237060547,16.825000762939453,16.985000610351562,5366324
2018-07-16,17.0,17.114999771118164,16.760000228881836,16.799999237060547,5026610
2018-07-17,16.829999923706055,16.905000686645508,16.600000381469727,16.81999969482422,7044180
2018-07-18,16.864999771118164,16.93000030517578,16.6299991607666,16.75,3132715
2018-07-19,16.84000015258789,17.045000076293945,16.770000457763672,16.950000762939453,4454051
2018-07-20,16.954999923706055,16.989999771118164,16.71500015258789,16.854999542236328,4577230
2018-07-23,16.764999389648438,16.93000030517578,16.704999923706055,16.860000610351562,3542785
2018-07-24,16.8700008392334,16.94499969482422,16.7549991607666,16.850000381469727,3718363
2018-07-25,16.790000915527344,16.850000381469727,16.6299991607666,16.764999389648438,5614385
2018-07-26,16.600000381469727,16.780000686645508,16.309999465942383,16.704999923706055,7060319
2018-07-27,16.6200008392334,16.8700008392334,16.6200008392334,16.790000915527344,5500824
2018-07-30,16.774999618530273,16.975000381469727,16.704999923706055,16.899999618530273,3614956
2018-07-31,16.81999969482422,17.040000915527344,16.81999969482422,16.975000381469727,4431658
2018-08-01,16.959999084472656,17.0,16.80500030517578,16.905000686645508,6835941
2018-08-02,16.829999923706055,16.9950008392334,16.80500030517578,16.885000228881836,5999387
2018-08-03,16.940000534057617,17.045000076293945,16.875,16.989999771118164,3842557
2018-08-06,17.045000076293945,17.045000076293945,16.854999542236328,16.979999542236328,3087536
2018-08-07,17.0049991607666,17.170000076293945,17.0,17.075000762939453,4971070
2018-08-08,17.100000381469727,17.219999313354492,17.010000228881836,17.06999969482422,3945860
2018-08-09,17.030000686645508,17.030000686645508,16.905000686645508,17.0049991607666,3707977
2018-08-10,16.885000228881836,16.905000686645508,16.725000381469727,16.850000381469727,4089299
2018-08-13,16.75,16.780000686645508,16.649999618530273,16.709999084472656,4949516
2018-08-14,16.790000915527344,16.81999969482422,16.485000610351562,16.549999237060547,4550478
2018-08-15,16.549999237060547,16.55500030517578,16.100000381469727,16.184999465942383,4679293
2018-08-16,16.2549991607666,16.354999542236328,16.125,16.2450008392334,3687835
2018-08-17,16.315000534057617,16.325000762939453,16.114999771118164,16.209999084472656,3417258
2018-08-20,16.235000610351562,16.420000076293945,16.209999084472656,16.299999237060547,2221640
2018-08-21,16.350000381469727,16.5049991607666,16.299999237060547,16.424999237060547,2682968
2018-08-22,16.3799991607666,16.549999237060547,16.325000762939453,16.514999389648438,2826069
2018-08-23,16.485000610351562,16.59000015258789,16.3700008392334,16.415000915527344,3027535
2018-08-24,16.375,16.540000915527344,16.3700008392334,16.5,2816568
2018-08-27,16.565000534057617,16.59000015258789,16.46500015258789,16.549999237060547,2391134
2018-08-28,16.520000457763672,16.665000915527344,16.479999542236328,16.600000381469727,4310597
2018-08-29,16.625,16.69499969482422,16.549999237060547,16.635000228881836,3664628
2018-08-30,16.670000076293945,16.780000686645508,16.540000915527344,16.670000076293945,2614701
2018-08-31,16.6200008392334,16.65999984741211,16.530000686645508,16.565000534057617,8258502
2018-09-03,16.55500030517578,16.739999771118164,16.55500030517578,16.684999465942383,1885647
2018-09-04,16.809999465942383,16.9950008392334,16.780000686645508,16.899999618530273,5367630
2018-09-05,16.885000228881836,16.920000076293945,16.53499984741211,16.53499984741211,9347612
2018-09-06,16.610000610351562,16.610000610351562,16.309999465942383,16.329999923706055,5255436
2018-09-07,16.299999237060547,16.360000610351562,16.174999237060547,16.360000610351562,4107678
2018-09-10,16.399999618530273,16.479999542236328,16.350000381469727,16.420000076293945,3420249
2018-09-11,16.780000686645508,16.864999771118164,16.625,16.7450008392334,6068286
2018-09-12,16.700000762939453,17.18000030517578,16.700000762939453,17.125,6949056
2018-09-13,17.100000381469727,17.184999465942383,16.954999923706055,16.979999542236328,5292681
2018-09-14,16.975000381469727,17.079999923706055,16.950000762939453,16.950000762939453,4906085
2018-09-17,16.940000534057617,17.020000457763672,16.899999618530273,16.93000030517578,3616645
2018-09-18,16.860000610351562,17.059999465942383,16.81999969482422,17.0,4317321
2018-09-19,17.06999969482422,17.225000381469727,16.969999313354492,17.0,11070314
2018-09-21,16.469999313354492,16.600000381469727,16.25,16.479999542236328,16335760
2018-09-24,16.489999771118164,16.864999771118164,16.489999771118164,16.780000686645508,31673718
2018-09-25,16.864999771118164,17.270000457763672,16.864999771118164,17.030000686645508,18946409
2018-09-26,17.100000381469727,17.219999313354492,17.010000228881836,17.149999618530273,9797909
2018-09-27,17.149999618530273,17.28499984741211,17.149999618530273,17.200000762939453,8368992
2018-09-28,17.190000534057617,17.31999969482422,17.020000457763672,17.165000915527344,10036596
2018-10-01,17.225000381469727,17.3700008392334,17.200000762939453,17.235000610351562,6991110
2018-10-02,17.290000915527344,17.40999984741211,17.170000076293945,17.200000762939453,7299842
2018-10-03,17.25,17.389999389648438,17.155000686645508,17.155000686645508,4152797
2018-10-04,17.149999618530273,17.3700008392334,17.1299991607666,17.155000686645508,5853202
2018-10-05,17.1299991607666,17.200000762939453,16.940000534057617,17.024999618530273,5779785
2018-10-08,16.959999084472656,17.024999618530273,16.729999542236328,16.815000534057617,4854908
2018-10-09,16.940000534057617,17.1200008392334,16.934999465942383,17.040000915527344,5655657
2018-10-10,17.149999618530273,17.399999618530273,17.045000076293945,17.075000762939453,10838253
2018-10-11,16.719999313354492,16.760000228881836,16.350000381469727,16.440000534057617,10663963
2018-10-12,16.594999313354492,16.6200008392334,16.31999969482422,16.31999969482422,5500079
2018-10-15,16.299999237060547,16.440000534057617,16.2549991607666,16.3799991607666,4057516
2018-10-16,16.364999771118164,16.510000228881836,16.19499969482422,16.405000686645508,4227679
2018-10-17,16.4950008392334,16.53499984741211,16.190000534057617,16.280000686645508,4289127
2018-10-18,16.190000534057617,16.5,16.184999465942383,16.2450008392334,5231765
2018-10-19,16.19499969482422,16.30500030517578,15.975000381469727,16.014999389648438,6647151
2018-10-22,16.239999771118164,16.270000457763672,15.885000228881836,15.930000305175781,4728501
2018-10-23,15.800000190734863,15.835000038146973,15.5,15.5,8362645
2018-10-24,15.399999618530273,15.640000343322754,15.199999809265137,15.270000457763672,6810200
2018-10-25,15.074999809265137,15.229999542236328,14.9399995803833,15.050000190734863,9415807
2018-10-26,15.010000228881836,15.104999542236328,14.6899995803833,15.104999542236328,7389202
2018-10-29,15.1899995803833,15.414999961853027,15.175000190734863,15.204999923706055,6235762
2018-10-30,15.265000343322754,15.414999961853027,14.949999809265137,15.164999961853027,7975381
2018-10-31,15.350000381469727,15.930000305175781,15.324999809265137,15.824999809265137,12532212
2018-11-01,15.65999984741211,15.824999809265137,15.375,15.5600004196167,9342749
2018-11-02,15.699999809265137,15.78499984741211,15.53499984741211,15.600000381469727,8817445
2018-11-05,15.649999618530273,15.904999732971191,15.585000038146973,15.704999923706055,6612409
2018-11-06,15.65999984741211,15.75,15.585000038146973,15.635000228881836,5164771
2018-11-07,15.75,16.030000686645508,15.680000305175781,15.770000457763672,5852491
2018-11-08,15.845000267028809,15.944999694824219,15.6850004196167,15.824999809265137,5325309
2018-11-09,15.704999923706055,15.875,15.604999542236328,15.850000381469727,4617009
2018-11-12,16.05500030517578,16.209999084472656,15.78499984741211,15.800000190734863,4440128
2018-11-13,15.744999885559082,15.75,15.430000305175781,15.664999961853027,13928449
2018-11-14,15.414999961853027,15.630000114440918,15.074999809265137,15.505000114440918,10993018
2018-11-15,15.529999732971191,15.725000381469727,15.5,15.694999694824219,5889185
2018-11-16,15.84000015258789,16.049999237060547,15.609999656677246,15.654999732971191,6115359
2018-11-19,15.699999809265137,15.795000076293945,15.569999694824219,15.609999656677246,5009345
2018-11-20,15.609999656677246,15.720000267028809,15.255000114440918,15.28499984741211,6509481
2018-11-21,15.28499984741211,15.5600004196167,15.25,15.5,4707599
2018-11-22,15.475000381469727,15.484999656677246,15.234999656677246,15.260000228881836,5155182
2018-11-23,15.225000381469727,15.3100004196167,14.789999961853027,14.859999656677246,7835235
2018-11-26,14.949999809265137,15.170000076293945,14.930000305175781,15.149999618530273,4376863
2018-11-27,15.119999885559082,15.210000038146973,14.930000305175781,14.96500015258789,5697095
2018-11-28,15.005000114440918,15.085000038146973,14.829999923706055,14.84000015258789,15463966
2018-11-29,14.859999656677246,15.210000038146973,14.805000305175781,15.140000343322754,6983439
2018-11-30,15.239999771118164,15.300000190734863,15.100000381469727,15.25,5048061
2018-12-03,15.614999771118164,15.704999923706055,15.300000190734863,15.300000190734863,7875435
2018-12-04,15.319999694824219,15.425000190734863,15.270000457763672,15.300000190734863,4754771
2018-12-05,15.154999732971191,15.15999984741211,15.015000343322754,15.055000305175781,8209069
2018-12-06,14.954999923706055,14.989999771118164,14.3149995803833,14.3149995803833,10936254
2018-12-07,14.380000114440918,14.9350004196167,14.350000381469727,14.78499984741211,12595770
2018-12-10,14.640000343322754,14.704999923706055,14.359999656677246,14.399999618530273,10500506
2018-12-11,14.520000457763672,14.920000076293945,14.395000457763672,14.609999656677246,12724382
2018-12-12,14.680000305175781,14.854999542236328,14.680000305175781,14.765000343322754,7149199
2018-12-13,14.699999809265137,14.970000267028809,14.675000190734863,14.930000305175781,9697518
2018-12-14,14.895000457763672,14.949999809265137,14.789999961853027,14.789999961853027,5145602
2018-12-17,14.75,14.90999984741211,14.710000038146973,14.710000038146973,10362646
2018-12-18,14.614999771118164,14.694999694824219,14.505000114440918,14.5649995803833,9738206
2018-12-19,14.510000228881836,14.765000343322754,14.4350004196167,14.664999961853027,11591839
2018-12-20,14.460000038146973,14.475000381469727,14.260000228881836,14.3149995803833,11054985
2018-12-21,14.319999694824219,14.46500015258789,14.194999694824219,14.369999885559082,16331045
2018-12-24,14.175000190734863,14.210000038146973,13.914999961853027,13.96500015258789,2387772
2018-12-27,14.074999809265137,14.140000343322754,13.604999542236328,13.734999656677246,9691429
2018-12-28,13.8149995803833,14.21500015258789,13.8149995803833,14.164999961853027,9041580
2018-12-31,14.210000038146973,14.270000457763672,14.079999923706055,14.079999923706055,1420165
2019-01-02,13.979999542236328,14.3100004196167,13.78499984741211,14.234999656677246,10003999
2019-01-03,14.039999961853027,14.380000114440918,14.024999618530273,14.255000114440918,12814838
2019-01-04,14.40999984741211,14.704999923706055,14.359999656677246,14.595000267028809,7089672
2019-01-07,14.65999984741211,14.694999694824219,14.329999923706055,14.475000381469727,4409347
2019-01-08,14.444999694824219,14.789999961853027,14.4399995803833,14.489999771118164,12227338
2019-01-09,14.600000381469727,14.744999885559082,14.454999923706055,14.694999694824219,11410241
2019-01-10,14.614999771118164,14.795000076293945,14.555000305175781,14.774999618530273,6329149
2019-01-11,14.78499984741211,14.899999618530273,14.600000381469727,14.75,6035768
2019-01-14,14.574999809265137,14.729999542236328,14.454999923706055,14.670000076293945,7463778
2019-01-15,14.729999542236328,14.859999656677246,14.520000457763672,14.640000343322754,10911530
2019-01-16,14.6899995803833,14.729999542236328,14.529999732971191,14.649999618530273,7294675
2019-01-17,14.579999923706055,14.8149995803833,14.529999732971191,14.755000114440918,5463446
2019-01-18,14.859999656677246,15.104999542236328,14.800000190734863,15.0,8525141
2019-01-21,15.010000228881836,15.074999809265137,14.755000114440918,14.800000190734863,6210469
2019-01-22,14.819999694824219,14.914999961853027,14.734999656677246,14.829999923706055,5792284
2019-01-23,14.779999732971191,14.979999542236328,14.739999771118164,14.774999618530273,5389615
2019-01-24,14.795000076293945,15.100000381469727,14.755000114440918,15.050000190734863,6699989
2019-01-25,15.119999885559082,15.1850004196167,15.010000228881836,15.045000076293945,2958628
2019-01-28,14.989999771118164,14.989999771118164,14.770000457763672,14.770000457763672,4737044
2019-01-29,14.829999923706055,15.114999771118164,14.680000305175781,15.010000228881836,6561897
2019-01-30,14.989999771118164,15.135000228881836,14.925000190734863,15.125,3748282
2019-01-31,15.1899995803833,15.335000038146973,15.180000305175781,15.329999923706055,7766043
2019-02-01,15.279999732971191,15.3100004196167,15.164999961853027,15.270000457763672,5612996
2019-02-04,15.279999732971191,15.335000038146973,15.045000076293945,15.229999542236328,5606114
2019-02-05,15.260000228881836,15.520000457763672,15.260000228881836,15.404999732971191,8826293
2019-02-06,15.380000114440918,15.4350004196167,15.1850004196167,15.369999885559082,6271254
2019-02-07,15.239999771118164,15.3100004196167,15.024999618530273,15.024999618530273,8371536
2019-02-08,14.96500015258789,15.020000457763672,14.800000190734863,14.859999656677246,7627198
2019-02-11,14.914999961853027,15.045000076293945,14.864999771118164,14.885000228881836,4072284
2019-02-12,14.989999771118164,15.175000190734863,14.920000076293945,15.010000228881836,10723885
2019-02-13,15.119999885559082,15.119999885559082,14.96500015258789,15.085000038146973,6579380
2019-02-14,15.15999984741211,15.199999809265137,14.989999771118164,14.994999885559082,3613649
2019-02-15,14.970000267028809,15.295000076293945,14.960000038146973,15.170000076293945,6958654
2019-02-18,15.229999542236328,15.3100004196167,15.15999984741211,15.194999694824219,2667233
2019-02-19,15.149999618530273,15.204999923706055,15.0600004196167,15.109999656677246,5055890
2019-02-20,15.145000457763672,15.244999885559082,15.03499984741211,15.204999923706055,3685169
2019-02-21,15.210000038146973,15.25,15.145000457763672,15.1899995803833,7821280
2019-02-22,15.114999771118164,15.274999618530273,15.109999656677246,15.154999732971191,3267098
2019-02-25,15.210000038146973,15.265000343322754,15.020000457763672,15.020000457763672,5445985
2019-02-26,15.03499984741211,15.154999732971191,14.954999923706055,15.130000114440918,8159174
2019-02-27,15.135000228881836,15.175000190734863,15.0600004196167,15.149999618530273,4983997
2019-02-28,15.175000190734863,15.234999656677246,14.930000305175781,15.125,8193984
2019-03-01,15.220000267028809,15.279999732971191,15.104999542236328,15.114999771118164,4931083
2019-03-04,15.130000114440918,15.164999961853027,15.029999732971191,15.100000381469727,5257322
2019-03-05,15.100000381469727,15.114999771118164,15.010000228881836,15.085000038146973,4242114
2019-03-06,15.005000114440918,15.130000114440918,14.899999618530273,15.100000381469727,9380295
2019-03-07,15.100000381469727,15.180000305175781,15.024999618530273,15.0649995803833,3405670
2019-03-08,14.949999809265137,15.024999618530273,14.704999923706055,14.755000114440918,7255649
2019-03-11,14.800000190734863,14.869999885559082,14.770000457763672,14.854999542236328,5110563
2019-03-12,14.885000228881836,14.925000190734863,14.739999771118164,14.789999961853027,5632832
2019-03-13,14.789999961853027,15.020000457763672,14.789999961853027,14.984999656677246,7252631
2019-03-14,15.020000457763672,15.210000038146973,15.005000114440918,15.010000228881836,6425219
2019-03-15,15.095000267028809,15.175000190734863,14.960000038146973,15.0,17471504
2019-03-18,15.100000381469727,15.40999984741211,15.015000343322754,15.359999656677246,9309080
2019-03-19,15.364999771118164,15.65999984741211,15.359999656677246,15.515000343322754,10376795
2019-03-20,15.425000190734863,15.545000076293945,15.40999984741211,15.475000381469727,5589595
2019-03-21,15.460000038146973,15.5600004196167,15.425000190734863,15.46500015258789,4889842
2019-03-22,15.470000267028809,15.489999771118164,15.149999618530273,15.210000038146973,8418417
2019-03-25,15.104999542236328,15.225000381469727,15.055000305175781,15.095000267028809,3615645
2019-03-26,15.125,15.234999656677246,15.0600004196167,15.149999618530273,3806939
2019-03-27,15.164999961853027,15.3149995803833,15.069999694824219,15.265000343322754,4051138
2019-03-28,15.244999885559082,15.329999923706055,15.085000038146973,15.140000343322754,4765888
2019-03-29,15.28499984741211,15.324999809265137,15.170000076293945,15.260000228881836,4838068
2019-04-01,15.3100004196167,15.460000038146973,15.274999618530273,15.380000114440918,4635927
2019-04-02,15.40999984741211,15.475000381469727,15.329999923706055,15.375,6015394
2019-04-03,15.5,15.5649995803833,15.4350004196167,15.4350004196167,3956854
2019-04-04,15.399999618530273,15.399999618530273,15.109999656677246,15.279999732971191,6247297
2019-04-05,15.295000076293945,15.475000381469727,15.28499984741211,15.34000015258789,5342642
2019-04-08,15.319999694824219,15.354999542236328,15.180000305175781,15.274999618530273,8949738
2019-04-09,15.270000457763672,15.395000457763672,15.010000228881836,15.050000190734863,7548137
2019-04-10,15.104999542236328,15.414999961853027,15.104999542236328,15.295000076293945,6838895
2019-04-11,15.270000457763672,15.295000076293945,15.095000267028809,15.125,4103062
2019-04-12,15.1850004196167,15.25,15.055000305175781,15.074999809265137,21696222
2019-04-15,15.069999694824219,15.079999923706055,14.885000228881836,14.994999885559082,6852044
2019-04-16,14.9399995803833,15.03499984741211,14.824999809265137,14.864999771118164,4492846
2019-04-17,14.944999694824219,15.164999961853027,14.885000228881836,15.03499984741211,6079406
2019-04-18,15.029999732971191,15.104999542236328,14.914999961853027,15.0649995803833,3623035
2019-04-23,15.305000305175781,15.350000381469727,15.154999732971191,15.1850004196167,7191315
2019-04-24,15.149999618530273,15.15999984741211,14.805000305175781,14.805000305175781,10302553
2019-04-25,14.8100004196167,14.930000305175781,14.675000190734863,14.890000343322754,8205640
2019-04-26,14.885000228881836,14.895000457763672,14.6899995803833,14.744999885559082,5995534
2019-04-29,14.739999771118164,14.779999732971191,14.600000381469727,14.744999885559082,4891225
2019-04-30,14.850000381469727,15.324999809265137,14.829999923706055,15.130000114440918,7882536
2019-05-02,15.164999961853027,15.164999961853027,14.774999618530273,14.824999809265137,6663624
2019-05-03,14.885000228881836,14.904999732971191,14.760000228881836,14.760000228881836,5096351
2019-05-06,14.569999694824219,14.635000228881836,14.449999809265137,14.635000228881836,4061460
2019-05-07,14.640000343322754,14.65999984741211,14.324999809265137,14.369999885559082,5967258
2019-05-08,14.380000114440918,14.524999618530273,14.3100004196167,14.420000076293945,8697735
2019-05-09,14.350000381469727,14.369999885559082,14.229999542236328,14.270000457763672,6598243
2019-05-10,14.350000381469727,14.369999885559082,14.194999694824219,14.28499984741211,6814120
2019-05-13,14.28499984741211,14.350000381469727,14.175000190734863,14.210000038146973,6526394
2019-05-14,14.210000038146973,14.444999694824219,14.164999961853027,14.420000076293945,15796073
2019-05-15,14.454999923706055,14.529999732971191,14.34000015258789,14.5,6795939
2019-05-16,14.470000267028809,14.694999694824219,14.420000076293945,14.6850004196167,7378905
2019-05-17,14.6899995803833,14.829999923706055,14.574999809265137,14.789999961853027,7442691
2019-05-20,14.805000305175781,15.03499984741211,14.805000305175781,14.880000114440918,7758119
2019-05-21,14.90999984741211,15.09000015258789,14.859999656677246,15.0600004196167,7648195
2019-05-22,15.039999961853027,15.100000381469727,14.9399995803833,14.960000038146973,6727617
2019-05-23,14.819999694824219,15.010000228881836,14.375,14.4350004196167,10710003
2019-05-24,14.539999961853027,14.604999542236328,14.460000038146973,14.515000343322754,5046648
2019-05-27,14.595000267028809,14.720000267028809,14.59000015258789,14.625,5332925
2019-05-28,14.630000114440918,14.779999732971191,14.600000381469727,14.6850004196167,6812575
2019-05-29,14.569999694824219,14.569999694824219,14.335000038146973,14.390000343322754,6336643
2019-05-30,14.545000076293945,14.649999618530273,14.494999885559082,14.579999923706055,5164413
2019-05-31,14.40999984741211,14.5,14.329999923706055,14.460000038146973,15328333
2019-06-03,14.34000015258789,14.53499984741211,14.1850004196167,14.484999656677246,13424502
2019-06-04,14.369999885559082,14.704999923706055,14.329999923706055,14.630000114440918,5890059
2019-06-05,14.630000114440918,14.770000457763672,14.53499984741211,14.53499984741211,15573948
2019-06-06,14.614999771118164,14.6899995803833,14.545000076293945,14.59000015258789,22498722
2019-06-07,14.6899995803833,14.835000038146973,14.649999618530273,14.65999984741211,8925387
2019-06-10,14.770000457763672,14.8100004196167,14.630000114440918,14.630000114440918,3612902
2019-06-11,14.710000038146973,14.765000343322754,14.65999984741211,14.670000076293945,8882964
2019-06-12,14.5600004196167,14.59000015258789,14.369999885559082,14.369999885559082,5203714
2019-06-13,14.399999618530273,14.524999618530273,14.359999656677246,14.395000457763672,8318238
2019-06-14,14.399999618530273,14.46500015258789,14.234999656677246,14.300000190734863,6682411
2019-06-17,13.904999732971191,13.904999732971191,13.635000228881836,13.635000228881836,12793686
2019-06-18,13.675000190734863,13.890000343322754,13.579999923706055,13.880000114440918,15307766
2019-06-19,13.899999618530273,13.9399995803833,13.694999694824219,13.694999694824219,18840551
2019-06-20,13.78499984741211,13.9399995803833,13.609999656677246,13.869999885559082,13791032
2019-06-21,13.890000343322754,14.074999809265137,13.869999885559082,14.074999809265137,17338661
2019-06-24,13.994999885559082,14.175000190734863,13.880000114440918,13.90999984741211,16301536
2019-06-25,13.920000076293945,13.925000190734863,13.710000038146973,13.770000457763672,11804556
2019-06-26,13.84000015258789,13.9399995803833,13.8100004196167,13.895000457763672,8324545
2019-06-27,13.9399995803833,13.944999694824219,13.704999923706055,13.710000038146973,5230154
2019-06-28,13.71500015258789,13.78499984741211,13.604999542236328,13.78499984741211,5851206
2019-07-01,13.90999984741211,14.095000267028809,13.875,14.095000267028809,10412003
2019-07-02,14.020000457763672,14.140000343322754,13.9399995803833,13.9399995803833,4596950
2019-07-03,13.90999984741211,13.9399995803833,13.774999618530273,13.774999618530273,6998882
2019-07-04,13.774999618530273,13.869999885559082,13.704999923706055,13.770000457763672,6132208
2019-07-05,13.800000190734863,13.829999923706055,13.720000267028809,13.739999771118164,3717757
2019-07-08,13.795000076293945,13.845000267028809,13.720000267028809,13.755000114440918,4183782
2019-07-09,13.699999809265137,13.734999656677246,13.59000015258789,13.694999694824219,6763637
2019-07-10,13.710000038146973,13.885000228881836,13.600000381469727,13.789999961853027,10180377
2019-07-11,13.899999618530273,13.96500015258789,13.805000305175781,13.845000267028809,8810005
2019-07-12,13.850000381469727,14.0,13.850000381469727,13.949999809265137,7462331
2019-07-15,13.949999809265137,14.0,13.859999656677246,13.920000076293945,6554679
2019-07-16,13.880000114440918,13.904999732971191,13.774999618530273,13.779999732971191,16487387
2019-07-17,13.71500015258789,13.720000267028809,13.494999885559082,13.494999885559082,4659265
2019-07-18,13.449999809265137,13.46500015258789,13.255000114440918,13.274999618530273,7134270
2019-07-19,13.34000015258789,13.40999984741211,13.225000381469727,13.305000305175781,7686244
2019-07-22,13.354999542236328,13.395000457763672,13.279999732971191,13.295000076293945,4728196
2019-07-23,13.380000114440918,13.555000305175781,13.3100004196167,13.479999542236328,15866847
2019-07-24,14.0,14.319999694824219,13.824999809265137,14.289999961853027,32448282
2019-07-25,14.420000076293945,14.640000343322754,14.295000076293945,14.539999961853027,9656115
2019-07-26,14.545000076293945,14.680000305175781,14.404999732971191,14.585000038146973,16305535
2019-07-29,14.555000305175781,14.59000015258789,14.470000267028809,14.569999694824219,15149883
2019-07-30,14.59000015258789,14.670000076293945,14.279999732971191,14.369999885559082,15653859
2019-07-31,14.444999694824219,14.569999694824219,14.385000228881836,14.385000228881836,14594872
2019-08-01,14.414999961853027,14.414999961853027,14.180000305175781,14.270000457763672,3636173
2019-08-02,14.010000228881836,14.085000038146973,13.760000228881836,13.8149995803833,6627375
2019-08-05,13.734999656677246,13.739999771118164,13.505000114440918,13.579999923706055,5569305
2019-08-06,13.5600004196167,13.645000457763672,13.404999732971191,13.404999732971191,4819873
2019-08-07,13.425000190734863,13.505000114440918,13.125,13.15999984741211,13049548
2019-08-08,13.300000190734863,13.380000114440918,13.154999732971191,13.229999542236328,7055457
2019-08-09,13.25,13.279999732971191,13.039999961853027,13.119999885559082,6931066
2019-08-12,13.164999961853027,13.210000038146973,12.9350004196167,12.954999923706055,6919282
2019-08-13,12.920000076293945,13.255000114440918,12.850000381469727,13.09000015258789,6409728
2019-08-14,13.100000381469727,13.104999542236328,12.654999732971191,12.699999809265137,10325603
2019-08-15,12.744999885559082,12.795000076293945,12.364999771118164,12.479999542236328,5751405
2019-08-16,12.515000343322754,12.59000015258789,12.4350004196167,12.475000381469727,6267801
2019-08-19,12.619999885559082,12.819999694824219,12.5649995803833,12.819999694824219,4525228
2019-08-20,12.729999542236328,12.770000457763672,12.555000305175781,12.555000305175781,6881706
2019-08-21,12.630000114440918,12.869999885559082,12.630000114440918,12.800000190734863,5700491
2019-08-22,12.75,12.9399995803833,12.680000305175781,12.78499984741211,6467407
2019-08-23,12.8100004196167,12.829999923706055,12.524999618530273,12.550000190734863,12567367
2019-08-26,12.489999771118164,12.664999961853027,12.454999923706055,12.595000267028809,1917867
2019-08-27,12.550000190734863,12.744999885559082,12.529999732971191,12.550000190734863,12347131
2019-08-28,12.614999771118164,12.880000114440918,12.529999732971191,12.880000114440918,21470838
2019-08-29,12.789999961853027,13.079999923706055,12.734999656677246,13.0649995803833,5708439
2019-08-30,13.095000267028809,13.380000114440918,13.085000038146973,13.220000267028809,8635970
2019-09-02,13.234999656677246,13.454999923706055,13.234999656677246,13.369999885559082,5085282
2019-09-03,13.385000228881836,13.470000267028809,13.255000114440918,13.3100004196167,7990633
2019-09-04,13.449999809265137,13.59000015258789,13.359999656677246,13.5600004196167,7397860
2019-09-05,13.489999771118164,13.920000076293945,13.489999771118164,13.774999618530273,8994851
2019-09-06,13.770000457763672,13.78499984741211,13.604999542236328,13.614999771118164,6581679
2019-09-09,13.734999656677246,13.920000076293945,13.720000267028809,13.880000114440918,6587844
2019-09-10,13.949999809265137,14.194999694824219,13.9399995803833,14.154999732971191,6067110
2019-09-11,14.225000381469727,14.270000457763672,14.005000114440918,14.015000343322754,4875022
2019-09-12,14.005000114440918,14.010000228881836,13.6899995803833,13.835000038146973,6150337
2019-09-13,13.850000381469727,14.100000381469727,13.829999923706055,13.984999656677246,6733473
2019-09-16,14.255000114440918,14.414999961853027,14.095000267028809,14.135000228881836,10026824
2019-09-17,14.220000267028809,14.28499984741211,13.819999694824219,14.015000343322754,13383773
2019-09-18,13.920000076293945,14.145000457763672,13.859999656677246,14.0649995803833,7069463
2019-09-19,14.074999809265137,14.335000038146973,13.975000381469727,14.260000228881836,7256663
2019-09-20,14.21500015258789,14.34000015258789,14.074999809265137,14.210000038146973,14850615
2019-09-23,14.255000114440918,14.329999923706055,14.135000228881836,14.305000305175781,4590713
2019-09-24,14.350000381469727,14.375,14.09000015258789,14.164999961853027,4472923
2019-09-25,14.055000305175781,14.140000343322754,13.90999984741211,14.085000038146973,8125033
2019-09-26,14.03499984741211,14.265000343322754,14.03499984741211,14.154999732971191,4205594
2019-09-27,14.225000381469727,14.4350004196167,14.225000381469727,14.305000305175781,6592084
2019-09-30,14.3149995803833,14.430000305175781,14.21500015258789,14.34000015258789,5126424
2019-10-01,14.350000381469727,14.449999809265137,14.229999542236328,14.305000305175781,4678477
2019-10-02,14.319999694824219,14.319999694824219,13.970000267028809,13.970000267028809,9109048
2019-10-03,13.949999809265137,13.949999809265137,13.625,13.734999656677246,6147404
2019-10-04,13.779999732971191,13.869999885559082,13.704999923706055,13.78499984741211,5020819
2019-10-07,13.829999923706055,14.095000267028809,13.744999885559082,14.095000267028809,5864343
2019-10-08,14.119999885559082,14.180000305175781,13.795000076293945,13.9399995803833,3762971
2019-10-09,13.8149995803833,14.164999961853027,13.765000343322754,14.09000015258789,4715143
2019-10-10,14.045000076293945,14.375,14.020000457763672,14.3100004196167,5468324
2019-10-11,14.364999771118164,14.555000305175781,14.359999656677246,14.555000305175781,6208875
2019-10-14,14.430000305175781,14.539999961853027,14.369999885559082,14.524999618530273,4052594
2019-10-15,14.59000015258789,14.774999618530273,14.505000114440918,14.71500015258789,8816222
2019-10-16,14.65999984741211,14.824999809265137,14.569999694824219,14.734999656677246,5636046
2019-10-17,14.65999984741211,14.954999923706055,14.635000228881836,14.675000190734863,8908103
2019-10-18,14.664999961853027,14.744999885559082,14.460000038146973,14.5,6975835
2019-10-21,14.470000267028809,14.670000076293945,14.46500015258789,14.569999694824219,4950950
2019-10-22,14.625,14.6899995803833,14.5649995803833,14.600000381469727,7777126
2019-10-23,14.555000305175781,14.78499984741211,14.555000305175781,14.774999618530273,4078331
2019-10-24,14.800000190734863,15.0,14.779999732971191,14.925000190734863,4454748
2019-10-25,14.925000190734863,15.03499984741211,14.890000343322754,14.989999771118164,3639909
2019-10-28,15.039999961853027,15.1899995803833,15.0,15.114999771118164,4449664
2019-10-29,15.085000038146973,15.114999771118164,14.904999732971191,15.050000190734863,5508978
2019-10-30,15.015000343322754,15.095000267028809,14.859999656677246,14.9399995803833,6910004
2019-10-31,14.854999542236328,15.3100004196167,14.670000076293945,14.699999809265137,17400412
2019-11-01,15.079999923706055,15.199999809265137,15.005000114440918,15.145000457763672,6869537
2019-11-04,15.265000343322754,15.59000015258789,15.194999694824219,15.470000267028809,6922644
2019-11-05,15.454999923706055,15.664999961853027,15.385000228881836,15.414999961853027,10035752
2019-11-06,15.350000381469727,15.40999984741211,15.09000015258789,15.130000114440918,15736300
2019-11-07,15.130000114440918,15.244999885559082,14.920000076293945,15.145000457763672,11897805
2019-11-08,15.15999984741211,15.15999984741211,14.880000114440918,15.039999961853027,5421084
2019-11-11,15.039999961853027,15.069999694824219,14.864999771118164,15.029999732971191,7725855
2019-11-12,15.095000267028809,15.1899995803833,14.9350004196167,15.020000457763672,4518505
2019-11-13,14.880000114440918,14.904999732971191,14.625,14.720000267028809,8384914
2019-11-14,14.670000076293945,14.779999732971191,14.595000267028809,14.595000267028809,5301849
2019-11-15,14.6850004196167,14.770000457763672,14.555000305175781,14.6899995803833,5231570
2019-11-18,14.680000305175781,14.78499984741211,14.579999923706055,14.630000114440918,4590942
2019-11-19,14.614999771118164,14.755000114440918,14.555000305175781,14.614999771118164,4315984
2019-11-20,14.550000190734863,14.59000015258789,14.380000114440918,14.545000076293945,4468139
2019-11-21,14.454999923706055,14.505000114440918,14.364999771118164,14.444999694824219,5297755
2019-11-22,14.470000267028809,14.699999809265137,14.470000267028809,14.600000381469727,5348788
2019-11-25,14.699999809265137,14.75,14.635000228881836,14.680000305175781,3487490
2019-11-26,14.6899995803833,14.6899995803833,14.550000190734863,14.59000015258789,15432390
2019-11-27,14.664999961853027,14.670000076293945,14.470000267028809,14.5,4315801
2019-11-28,14.484999656677246,14.524999618530273,14.385000228881836,14.404999732971191,4333479
2019-11-29,14.359999656677246,14.4350004196167,14.25,14.289999961853027,4250601
2019-12-02,14.3100004196167,14.414999961853027,14.079999923706055,14.145000457763672,6236249
2019-12-03,14.100000381469727,14.130000114440918,13.975000381469727,14.095000267028809,7684944
2019-12-04,14.09000015258789,14.390000343322754,14.09000015258789,14.350000381469727,12602100
2019-12-05,14.40999984741211,14.5,14.329999923706055,14.34000015258789,8464034
2019-12-06,14.385000228881836,14.6850004196167,14.345000267028809,14.635000228881836,5720010
2019-12-09,14.65999984741211,14.664999961853027,14.430000305175781,14.460000038146973,5006379
2019-12-10,14.404999732971191,14.4399995803833,14.229999542236328,14.350000381469727,5181399
2019-12-11,14.40999984741211,14.46500015258789,14.345000267028809,14.350000381469727,5257987
2019-12-12,14.390000343322754,14.4399995803833,14.180000305175781,14.375,8125332
2019-12-13,14.5,14.53499984741211,14.28499984741211,14.324999809265137,7409070
2019-12-16,14.4399995803833,14.470000267028809,14.345000267028809,14.399999618530273,7962371
2019-12-17,14.055000305175781,14.125,13.954999923706055,13.960000038146973,6986347
2019-12-18,13.960000038146973,14.114999771118164,13.944999694824219,13.979999542236328,9080059
2019-12-19,13.96500015258789,14.0,13.90999984741211,13.979999542236328,6377030
2019-12-20,13.954999923706055,14.095000267028809,13.954999923706055,14.085000038146973,25724495
2019-12-23,14.039999961853027,14.149999618530273,14.020000457763672,14.149999618530273,3908790
2019-12-24,14.154999732971191,14.154999732971191,14.039999961853027,14.154999732971191,1262746
2019-12-25,14.154999732971191,14.154999732971191,14.154999732971191,14.154999732971191,0
2019-12-27,14.154999732971191,14.265000343322754,14.130000114440918,14.199999809265137,2949913
2019-12-30,14.180000305175781,14.199999809265137,14.125,14.125,2012826
2019-12-31,14.100000381469727,14.100000381469727,13.930000305175781,13.930000305175781,2221149
2020-01-02,14.029999732971191,14.135000228881836,13.975000381469727,14.0649995803833,5576733
2020-01-03,14.104999542236328,14.279999732971191,14.0600004196167,14.239999771118164,4769535
2020-01-06,14.260000228881836,14.475000381469727,14.260000228881836,14.350000381469727,3960659
2020-01-07,14.364999771118164,14.420000076293945,14.229999542236328,14.229999542236328,6809406
2020-01-08,14.229999542236328,14.375,14.154999732971191,14.359999656677246,4661762
2020-01-09,14.399999618530273,14.404999732971191,14.15999984741211,14.170000076293945,9326800
2020-01-10,14.25,14.404999732971191,14.135000228881836,14.319999694824219,3762822
2020-01-13,14.350000381469727,14.350000381469727,14.135000228881836,14.244999885559082,9160802
2020-01-14,14.244999885559082,14.279999732971191,14.175000190734863,14.234999656677246,5799009
2020-01-15,14.21500015258789,14.239999771118164,14.045000076293945,14.100000381469727,4016320
2020-01-16,14.09000015258789,14.265000343322754,14.074999809265137,14.145000457763672,4264590
2020-01-17,14.199999809265137,14.239999771118164,14.015000343322754,14.039999961853027,4323080
2020-01-20,14.0649995803833,14.074999809265137,13.864999771118164,13.920000076293945,7740315
2020-01-21,13.854999542236328,13.854999542236328,13.71500015258789,13.774999618530273,20149802
2020-01-22,13.800000190734863,13.8100004196167,13.600000381469727,13.600000381469727,8705875
2020-01-23,13.5,13.5,13.045000076293945,13.130000114440918,11851595
2020-01-24,13.125,13.229999542236328,13.09000015258789,13.100000381469727,7410029
2020-01-27,12.9350004196167,12.9350004196167,12.649999618530273,12.649999618530273,8906675
2020-01-28,12.710000038146973,12.819999694824219,12.59000015258789,12.770000457763672,10668180
2020-01-29,12.890000343322754,12.920000076293945,12.699999809265137,12.795000076293945,15454614
2020-01-30,12.675000190734863,12.739999771118164,12.539999961853027,12.579999923706055,10235930
2020-01-31,12.680000305175781,12.680000305175781,12.40999984741211,12.46500015258789,7611213
2020-02-03,12.46500015258789,12.475000381469727,12.28499984741211,12.28499984741211,10596894
2020-02-04,12.380000114440918,12.595000267028809,12.350000381469727,12.579999923706055,8288812
2020-02-05,12.545000076293945,12.925000190734863,12.489999771118164,12.795000076293945,14104207
2020-02-06,12.930000305175781,12.970000267028809,12.744999885559082,12.824999809265137,22068690
2020-02-07,12.829999923706055,12.829999923706055,12.710000038146973,12.755000114440918,5926955
2020-02-10,12.75,12.765000343322754,12.59000015258789,12.59000015258789,6964625
2020-02-11,12.680000305175781,12.75,12.609999656677246,12.744999885559082,5190198
2020-02-12,12.78499984741211,12.895000457763672,12.760000228881836,12.770000457763672,6455374
2020-02-13,12.75,12.75,12.545000076293945,12.664999961853027,5688394
2020-02-14,12.6850004196167,12.770000457763672,12.619999885559082,12.649999618530273,3683911
2020-02-17,12.5649995803833,12.649999618530273,12.515000343322754,12.524999618530273,5301328
2020-02-18,12.5,12.53499984741211,12.34000015258789,12.345000267028809,7076534
2020-02-19,12.479999542236328,12.479999542236328,12.274999618530273,12.350000381469727,14311397
2020-02-20,12.28499984741211,12.529999732971191,12.260000228881836,12.295000076293945,14010032
2020-02-21,12.239999771118164,12.239999771118164,11.899999618530273,11.954999923706055,19411232
2020-02-24,11.704999923706055,11.720000267028809,11.21500015258789,11.3149995803833,16931041
2020-02-25,11.369999885559082,11.369999885559082,10.925000190734863,10.96500015258789,19539940
2020-02-26,10.854999542236328,10.979999542236328,10.725000381469727,10.864999771118164,14073304
2020-02-27,10.720000267028809,10.725000381469727,10.270000457763672,10.510000228881836,14509675
2020-02-28,10.1850004196167,10.329999923706055,10.015000343322754,10.130000114440918,32611097
2020-03-02,10.510000228881836,10.515000343322754,9.972000122070312,10.21500015258789,20049068
2020-03-03,10.470000267028809,10.675000190734863,10.279999732971191,10.350000381469727,10559081
2020-03-04,10.385000228881836,10.4350004196167,10.170000076293945,10.289999961853027,12700207
2020-03-05,10.354999542236328,10.354999542236328,10.029999732971191,10.09000015258789,16028444
2020-03-06,10.0,10.0,9.600000381469727,9.600000381469727,16585403
2020-03-09,8.0,8.505999565124512,7.958000183105469,8.14799976348877,35545925
2020-03-10,8.293999671936035,9.022000312805176,8.14799976348877,8.279999732971191,23649183
2020-03-11,8.437999725341797,8.529999732971191,8.241999626159668,8.317999839782715,28384800
2020-03-12,8.008000373840332,8.022000312805176,7.1620001792907715,7.199999809265137,41428239
2020-03-13,8.222000122070312,8.279999732971191,7.4120001792907715,7.541999816894531,17689172
2020-03-16,7.322000026702881,7.375999927520752,6.519999980926514,6.77400016784668,39740950
2020-03-17,7.480000019073486,7.480000019073486,6.550000190734863,6.76800012588501,31864669
2020-03-18,6.677999973297119,6.771999835968018,6.136000156402588,6.142000198364258,19663393
2020-03-19,6.179999828338623,6.4120001792907715,5.920000076293945,6.03000020980835,26149008
2020-03-20,6.46999979019165,6.638000011444092,6.1579999923706055,6.168000221252441,35961306
2020-03-23,6.099999904632568,6.449999809265137,6.099999904632568,6.211999893188477,39428358
2020-03-24,6.650000095367432,7.185999870300293,6.449999809265137,7.185999870300293,43694632
2020-03-25,7.526000022888184,7.880000114440918,6.958000183105469,7.374000072479248,14427609
2020-03-26,7.223999977111816,7.679999828338623,7.159999847412109,7.650000095367432,16668883
2020-03-27,7.5,7.546000003814697,7.202000141143799,7.3460001945495605,12848688
2020-03-30,7.639999866485596,7.789999961853027,7.210000038146973,7.5920000076293945,8788233
2020-03-31,7.820000171661377,8.390000343322754,7.7220001220703125,8.331999778747559,14993423
2020-04-01,8.218000411987305,8.399999618530273,8.020000457763672,8.100000381469727,11626580
2020-04-02,8.449999809265137,8.970000267028809,8.329999923706055,8.588000297546387,17389836
2020-04-03,8.539999961853027,8.678000450134277,8.079999923706055,8.251999855041504,13324374
2020-04-06,8.800000190734863,8.800000190734863,8.1899995803833,8.1899995803833,12501690
2020-04-07,8.4399995803833,8.588000297546387,8.180000305175781,8.46399974822998,11032146
2020-04-08,8.489999771118164,8.501999855041504,8.206000328063965,8.362000465393066,5884225
2020-04-09,8.600000381469727,8.619999885559082,8.251999855041504,8.28600025177002,10806445
2020-04-14,8.722000122070312,8.722000122070312,8.043999671936035,8.043999671936035,12791793
2020-04-15,8.0,8.001999855041504,7.435999870300293,7.435999870300293,14287060
2020-04-16,7.519999980926514,7.644000053405762,7.124000072479248,7.331999778747559,9756234
2020-04-17,7.521999835968018,7.785999774932861,7.498000144958496,7.785999774932861,9774192
2020-04-20,7.633999824523926,7.765999794006348,7.5,7.734000205993652,8176040
2020-04-21,7.340000152587891,7.5,7.239999771118164,7.2779998779296875,14554333
2020-04-22,7.302000045776367,7.590000152587891,7.210000038146973,7.394000053405762,11295567
2020-04-23,7.579999923706055,7.943999767303467,7.498000144958496,7.840000152587891,18314971
2020-04-24,7.800000190734863,8.053999900817871,7.5279998779296875,7.742000102996826,7306252
2020-04-27,7.940000057220459,7.960000038146973,7.625999927520752,7.811999797821045,5496779
2020-04-28,7.599999904632568,7.918000221252441,7.5320000648498535,7.9120001792907715,8935408
2020-04-29,7.978000164031982,8.501999855041504,7.927999973297119,8.501999855041504,11560657
2020-04-30,8.600000381469727,8.770000457763672,8.284000396728516,8.314000129699707,10430331
2020-05-04,8.050000190734863,8.050000190734863,7.631999969482422,7.665999889373779,18186384
2020-05-05,8.390000343322754,8.779999732971191,8.079999923706055,8.678000450134277,17628932
2020-05-06,8.649999618530273,9.149999618530273,8.449999809265137,8.505999565124512,18339136
2020-05-07,8.59000015258789,8.890000343322754,8.539999961853027,8.77400016784668,7923690
2020-05-08,8.949999809265137,8.949999809265137,8.562000274658203,8.633999824523926,13926709
2020-05-11,8.821999549865723,8.821999549865723,8.449999809265137,8.503999710083008,8690523
2020-05-12,8.473999977111816,8.565999984741211,8.32800006866455,8.357999801635742,7235596
2020-05-13,8.326000213623047,8.338000297546387,8.069999694824219,8.069999694824219,6888087
2020-05-14,8.027999877929688,8.173999786376953,7.703999996185303,8.173999786376953,14502621
2020-05-15,8.350000381469727,8.428000450134277,8.039999961853027,8.104000091552734,7028743
2020-05-18,8.446000099182129,8.640000343322754,8.36400032043457,8.640000343322754,7265125
2020-05-19,8.699999809265137,8.720000267028809,8.432000160217285,8.545999526977539,9364123
2020-05-20,8.539999961853027,8.75,8.307999610900879,8.73799991607666,7964743
2020-05-21,8.579999923706055,8.6899995803833,8.392000198364258,8.446000099182129,6871153
2020-05-22,8.359999656677246,8.498000144958496,8.168000221252441,8.291999816894531,6862465
2020-05-25,8.432000160217285,8.4399995803833,8.305999755859375,8.39799976348877,3549892
2020-05-26,8.496000289916992,8.642000198364258,8.468000411987305,8.616000175476074,7244932
2020-05-27,8.640000343322754,9.170000076293945,8.628000259399414,8.87600040435791,15153611
2020-05-28,8.979999542236328,8.979999542236328,8.718000411987305,8.869999885559082,5919830
2020-05-29,8.75,8.758000373840332,8.35200023651123,8.369999885559082,18371818
2020-06-01,8.600000381469727,8.736000061035156,8.46399974822998,8.616000175476074,8134542
2020-06-02,8.706000328063965,9.0600004196167,8.694000244140625,8.97599983215332,12881005
2020-06-03,9.149999618530273,9.23799991607666,8.934000015258789,9.12600040435791,11760913
2020-06-04,9.10200023651123,9.25,8.887999534606934,9.045999526977539,22197459
2020-06-05,9.180000305175781,9.59000015258789,9.149999618530273,9.529999732971191,17079746
2020-06-08,9.654000282287598,10.074999809265137,9.619999885559082,9.72599983215332,15671559
2020-06-09,9.779999732971191,9.821999549865723,9.079999923706055,9.236000061035156,16775174
2020-06-10,9.32800006866455,9.428000450134277,9.133999824523926,9.156000137329102,13098224
2020-06-11,9.020000457763672,9.026000022888184,8.581999778747559,8.581999778747559,12244209
2020-06-12,8.5,8.937999725341797,8.399999618530273,8.687999725341797,11420143
2020-06-15,8.586000442504883,8.760000228881836,8.418000221252441,8.680000305175781,10848303
2020-06-16,8.539999961853027,8.680000305175781,8.321999549865723,8.420000076293945,13230479
2020-06-17,8.40999984741211,8.48799991607666,8.145999908447266,8.229999542236328,22903745
2020-06-18,8.175999641418457,8.251999855041504,8.010000228881836,8.206000328063965,9991680
2020-06-19,8.25,8.416000366210938,8.229999542236328,8.29800033569336,28931722
2020-06-22,8.244000434875488,8.251999855041504,8.053999900817871,8.131999969482422,19797582
2020-06-23,8.220000267028809,8.38599967956543,8.11400032043457,8.300000190734863,13584257
2020-06-24,8.270000457763672,8.359999656677246,7.868000030517578,7.868000030517578,7668558
2020-06-25,7.8480000495910645,8.039999961853027,7.7220001220703125,8.0,15441426
2020-06-26,8.100000381469727,8.121999740600586,7.73199987411499,7.769999980926514,10318052
2020-06-29,7.769999980926514,7.914000034332275,7.642000198364258,7.866000175476074,9739630
2020-06-30,7.843999862670898,7.920000076293945,7.6479997634887695,7.785999774932861,10214379
2020-07-01,7.828000068664551,8.008000373840332,7.716000080108643,7.886000156402588,6933381
2020-07-02,7.955999851226807,8.109999656677246,7.926000118255615,8.03600025177002,7917415
2020-07-03,8.029999732971191,8.043999671936035,7.78000020980835,7.815999984741211,8372447
2020-07-06,8.0,8.13599967956543,7.923999786376953,7.973999977111816,5879437
2020-07-07,7.940000057220459,7.9720001220703125,7.829999923706055,7.869999885559082,11007828
2020-07-08,7.800000190734863,7.8520002365112305,7.710000038146973,7.739999771118164,6810828
2020-07-09,7.788000106811523,7.840000152587891,7.510000228881836,7.5320000648498535,6409078
2020-07-10,7.5,7.697999954223633,7.455999851226807,7.624000072479248,5861891
2020-07-13,7.763999938964844,7.854000091552734,7.673999786376953,7.783999919891357,3497226
2020-07-14,7.699999809265137,7.986000061035156,7.684000015258789,7.986000061035156,5160531
2020-07-15,8.0,8.071999549865723,7.872000217437744,7.906000137329102,6639223
2020-07-16,7.98199987411499,8.076000213623047,7.909999847412109,8.013999938964844,5052837
2020-07-17,7.98799991607666,8.01200008392334,7.835999965667725,7.874000072479248,7632648
2020-07-20,7.828000068664551,7.828000068664551,7.682000160217285,7.73799991607666,3937960
2020-07-21,7.857999801635742,7.927999973297119,7.702000141143799,7.927999973297119,6557759
2020-07-22,7.849999904632568,7.923999786376953,7.638000011444092,7.670000076293945,7345795
2020-07-23,7.869999885559082,7.869999885559082,7.533999919891357,7.579999923706055,6492829
2020-07-24,7.5,7.544000148773193,7.389999866485596,7.389999866485596,7693242
2020-07-27,7.360000133514404,7.360000133514404,7.119999885559082,7.1620001792907715,7338541
2020-07-28,7.196000099182129,7.27400016784668,7.061999797821045,7.061999797821045,7305247
2020-07-29,7.099999904632568,7.122000217437744,6.955999851226807,7.035999774932861,6030470
2020-07-30,7.0,7.03000020980835,6.7220001220703125,6.788000106811523,11500916
2020-07-31,6.840000152587891,6.869999885559082,6.567999839782715,6.579999923706055,11272329
2020-08-03,6.579999923706055,6.716000080108643,6.461999893188477,6.693999767303467,10392339
2020-08-04,6.76200008392334,6.964000225067139,6.75,6.915999889373779,10615675
2020-08-05,7.0,7.107999801635742,6.953999996185303,7.058000087738037,8404393
2020-08-06,7.0,7.019999980926514,6.7820000648498535,6.800000190734863,8640329
2020-08-07,6.791999816894531,6.829999923706055,6.664000034332275,6.676000118255615,7539662
2020-08-10,6.751999855041504,6.900000095367432,6.716000080108643,6.802000045776367,7113723
2020-08-11,6.874000072479248,7.294000148773193,6.872000217437744,7.124000072479248,10733545
2020-08-12,7.070000171661377,7.236000061035156,7.021999835968018,7.197999954223633,8469201
2020-08-13,7.179999828338623,7.230000019073486,7.053999900817871,7.053999900817871,7065877
2020-08-14,7.039999961853027,7.041999816894531,6.866000175476074,6.98799991607666,7637094
2020-08-17,6.966000080108643,7.035999774932861,6.826000213623047,6.8420000076293945,8106132
2020-08-18,6.820000171661377,6.923999786376953,6.7220001220703125,6.75600004196167,5668138
2020-08-19,6.734000205993652,6.820000171661377,6.685999870300293,6.820000171661377,16353169
2020-08-20,6.703999996185303,6.783999919891357,6.670000076293945,6.691999912261963,9607026
2020-08-21,6.699999809265137,6.730000019073486,6.558000087738037,6.616000175476074,11385290
2020-08-24,6.685999870300293,6.949999809265137,6.642000198364258,6.934000015258789,8132622
2020-08-25,6.949999809265137,7.058000087738037,6.776000022888184,6.791999816894531,8005816
2020-08-26,6.769999980926514,6.941999912261963,6.728000164031982,6.857999801635742,4767540
2020-08-27,6.8480000495910645,6.966000080108643,6.78000020980835,6.881999969482422,5274645
2020-08-28,6.958000183105469,6.986000061035156,6.880000114440918,6.9019999504089355,4662568
2020-08-31,6.980000019073486,7.047999858856201,6.622000217437744,6.622000217437744,7825072
2020-09-01,6.728000164031982,6.75600004196167,6.510000228881836,6.604000091552734,6830177
2020-09-02,6.645999908447266,6.699999809265137,6.4019999504089355,6.432000160217285,9082417
2020-09-03,6.453999996185303,6.579999923706055,6.4019999504089355,6.4120001792907715,12076271
2020-09-04,6.432000160217285,6.645999908447266,6.432000160217285,6.447999954223633,12050216
2020-09-07,6.521999835968018,6.688000202178955,6.47599983215332,6.636000156402588,8209892
2020-09-08,6.690000057220459,6.690000057220459,6.2820000648498535,6.334000110626221,11093775
2020-09-09,6.329999923706055,6.480000019073486,6.302000045776367,6.389999866485596,9368681
2020-09-10,6.4120001792907715,6.546000003814697,6.340000152587891,6.460000038146973,6407146
2020-09-11,6.440000057220459,6.447999954223633,6.300000190734863,6.394000053405762,6554592
2020-09-14,6.443999767303467,6.489999771118164,6.25,6.265999794006348,6902434
2020-09-15,6.251999855041504,6.480000019073486,6.223999977111816,6.452000141143799,9523922
2020-09-16,6.440000057220459,6.584000110626221,6.363999843597412,6.547999858856201,6211843
2020-09-17,6.5,6.622000217437744,6.452000141143799,6.521999835968018,9703675
2020-09-18,6.552000045776367,6.552000045776367,6.314000129699707,6.314000129699707,19796444
2020-09-21,6.2820000648498535,6.2820000648498535,6.041999816894531,6.111999988555908,8866200
2020-09-22,6.1519999504089355,6.366000175476074,6.081999778747559,6.208000183105469,9184801
2020-09-23,6.234000205993652,6.300000190734863,6.039999961853027,6.056000232696533,9984115
2020-09-24,6.0,6.084000110626221,5.889999866485596,5.889999866485596,30849532
2020-09-25,5.964000225067139,5.98799991607666,5.723999977111816,5.754000186920166,18449237
2020-09-28,5.8420000076293945,5.929999828338623,5.794000148773193,5.881999969482422,15390396
2020-09-29,5.886000156402588,5.889999866485596,5.670000076293945,5.670000076293945,7312523
2020-09-30,5.6620001792907715,5.822000026702881,5.616000175476074,5.7220001220703125,17556253
2020-10-01,5.76800012588501,5.800000190734863,5.507999897003174,5.51200008392334,11621364
2020-10-02,5.5,5.521999835968018,5.372000217437744,5.51800012588501,13159019
2020-10-05,5.593999862670898,5.789999961853027,5.550000190734863,5.7220001220703125,9641308
2020-10-06,5.769999980926514,6.052000045776367,5.742000102996826,6.004000186920166,10838152
2020-10-07,5.989999771118164,6.061999797821045,5.920000076293945,6.0320000648498535,8792461
2020-10-08,6.099999904632568,6.297999858856201,5.99399995803833,6.242000102996826,9894617
2020-10-09,6.300000190734863,6.423999786376953,6.245999813079834,6.309999942779541,9226230
2020-10-12,6.297999858856201,6.300000190734863,6.202000141143799,6.202000141143799,5167901
2020-10-13,6.2220001220703125,6.320000171661377,6.127999782562256,6.142000198364258,6443718
2020-10-14,6.081999778747559,6.179999828338623,5.949999809265137,6.131999969482422,7871379
2020-10-15,6.038000106811523,6.056000232696533,5.888000011444092,5.918000221252441,7843293
2020-10-16,5.986000061035156,6.001999855041504,5.806000232696533,6.001999855041504,10159146
2020-10-19,5.995999813079834,6.078000068664551,5.868000030517578,5.926000118255615,6147678
2020-10-20,5.892000198364258,5.935999870300293,5.776000022888184,5.854000091552734,6086770
2020-10-21,5.900000095367432,5.900000095367432,5.656000137329102,5.665999889373779,8809694
2020-10-22,5.650000095367432,5.682000160217285,5.521999835968018,5.6620001792907715,8796042
2020-10-23,5.697999954223633,5.895999908447266,5.685999870300293,5.823999881744385,8179919
2020-10-26,5.644000053405762,5.843999862670898,5.610000133514404,5.642000198364258,7508932
2020-10-27,5.679999828338623,5.684000015258789,5.409999847412109,5.460000038146973,13285418
2020-10-28,5.389999866485596,5.395999908447266,5.150000095367432,5.271999835968018,15663400
2020-10-29,5.26200008392334,5.360000133514404,5.041999816894531,5.22599983215332,13362050
2020-10-30,5.150000095367432,5.368000030517578,5.122000217437744,5.340000152587891,9000939
2020-11-02,5.340000152587891,5.679999828338623,5.263999938964844,5.671999931335449,10452056
2020-11-03,5.71999979019165,5.880000114440918,5.679999828338623,5.785999774932861,12350684
2020-11-04,5.676000118255615,5.918000221252441,5.567999839782715,5.900000095367432,10855265
2020-11-05,5.935999870300293,5.953999996185303,5.783999919891357,5.783999919891357,9379179
2020-11-06,5.78000020980835,5.872000217437744,5.71999979019165,5.771999835968018,9130093
2020-11-09,5.8460001945495605,6.834000110626221,5.803999900817871,6.823999881744385,35275931
2020-11-10,6.788000106811523,7.809999942779541,6.673999786376953,7.645999908447266,43813525
2020-11-11,7.702000141143799,7.9679999351501465,7.389999866485596,7.676000118255615,21276769
2020-11-12,7.576000213623047,7.616000175476074,7.317999839782715,7.355999946594238,15702058
2020-11-13,7.199999809265137,7.375999927520752,7.021999835968018,7.26200008392334,15092259
2020-11-16,7.400000095367432,7.949999809265137,7.380000114440918,7.9120001792907715,19487552
2020-11-17,7.877999782562256,7.955999851226807,7.650000095367432,7.843999862670898,15183290
2020-11-18,7.800000190734863,8.041999816894531,7.716000080108643,7.938000202178955,9373447
2020-11-19,7.800000190734863,7.8420000076293945,7.682000160217285,7.745999813079834,10533416
2020-11-20,7.7779998779296875,7.900000095367432,7.723999977111816,7.723999977111816,9741724
2020-11-23,7.947999954223633,8.354000091552734,7.920000076293945,8.329999923706055,19811322
2020-11-24,8.449999809265137,8.85200023651123,8.4399995803833,8.85200023651123,16598095
2020-11-25,8.850000381469727,8.979999542236328,8.513999938964844,8.739999771118164,14079937
2020-11-26,8.736000061035156,8.73799991607666,8.223999977111816,8.435999870300293,15300784
2020-11-27,8.420000076293945,8.510000228881836,8.229999542236328,8.486000061035156,39814811
2020-11-30,8.37399959564209,8.45199966430664,8.057999610900879,8.057999610900879,33459454
2020-12-01,8.064000129699707,8.371999740600586,8.031999588012695,8.220000267028809,11642414
2020-12-02,8.086000442504883,8.28600025177002,7.929999828338623,8.25,14348611
2020-12-03,8.199999809265137,8.223999977111816,7.989999771118164,8.131999969482422,13457962
2020-12-04,8.192000389099121,8.604000091552734,8.178000450134277,8.562000274658203,13972634
2020-12-07,8.5,8.513999938964844,8.312000274658203,8.479999542236328,9098450
2020-12-08,8.432000160217285,8.657999992370605,8.37600040435791,8.60200023651123,8342443
2020-12-09,8.640000343322754,8.98799991607666,8.640000343322754,8.857999801635742,14897280
2020-12-10,8.871999740600586,8.98799991607666,8.736000061035156,8.949999809265137,10007135
2020-12-11,8.942000389099121,8.972000122070312,8.612000465393066,8.779999732971191,11354251
2020-12-14,8.911999702453613,8.979999542236328,8.588000297546387,8.619999885559082,11567399
2020-12-15,8.616000175476074,8.755999565124512,8.5,8.746000289916992,6879271
2020-12-16,8.760000228881836,8.965999603271484,8.612000465393066,8.71399974822998,11761541
2020-12-17,8.5,8.565999984741211,8.265999794006348,8.284000396728516,14644175
2020-12-18,8.199999809265137,8.272000312805176,8.076000213623047,8.142000198364258,38868306
2020-12-21,7.78000020980835,7.888000011444092,7.5,7.840000152587891,30557278
2020-12-22,7.817999839782715,7.886000156402588,7.75,7.8379998207092285,6954104
2020-12-23,7.8480000495910645,8.211999893188477,7.809999942779541,8.199999809265137,6548485
2020-12-24,8.220000267028809,8.345999717712402,8.163999557495117,8.345999717712402,3094707
2020-12-28,8.428000450134277,8.447999954223633,8.300000190734863,8.319999694824219,6435171
2020-12-29,8.371999740600586,8.416000366210938,8.222000122070312,8.314000129699707,6141224
2020-12-30,8.321999549865723,8.369999885559082,8.246000289916992,8.28600025177002,5024235
2020-12-31,8.253999710083008,8.312000274658203,8.157999992370605,8.25,2973311
